nombre;cantidad;anio
Maria; 314;1922
Juan Carlos;  69;1922
Miguel Angel;  25;1922
Valentina;  11;1922
Juan Manuel;  10;1922
Benjamin;   9;1922
Agustin;   8;1922
Agustin;   3;1922
Juan Domingo;   2;1922
Juan Pablo;   1;1922
Maria;   1;1922
Maria; 351;1923
Juan Carlos;  80;1923
Miguel Angel;  30;1923
Agustin;  18;1923
Juan Manuel;  13;1923
Benjamin;   8;1923
Valentina;   7;1923
Juan Pablo;   4;1923
Maria;   3;1923
Juan Domingo;   1;1923
Cristian;   1;1923
Maria; 416;1924
Juan Carlos; 128;1924
Miguel Angel;  30;1924
Agustin;  29;1924
Benjamin;  18;1924
Juan Manuel;  17;1924
Juan Pablo;  11;1924
Valentina;   7;1924
Juan Domingo;   5;1924
Maria;   1;1924
Maria; 496;1925
Juan Carlos; 154;1925
Miguel Angel;  53;1925
Agustin;  26;1925
Valentina;  18;1925
Juan Manuel;  17;1925
Benjamin;  13;1925
Juan Pablo;   5;1925
Maria;   3;1925
Juan Domingo;   2;1925
Norma Beatriz;   2;1925
Maria; 575;1926
Juan Carlos; 234;1926
Miguel Angel;  64;1926
Agustin;  31;1926
Valentina;  27;1926
Juan Manuel;  23;1926
Juan Pablo;  16;1926
Benjamin;  15;1926
Norma Beatriz;  12;1926
Juan Domingo;   7;1926
Maria;   3;1926
Juan Carlos;   2;1926
Maria; 623;1927
Juan Carlos; 332;1927
Miguel Angel; 114;1927
Valentina;  51;1927
Agustin;  48;1927
Juan Manuel;  24;1927
Benjamin;  18;1927
Juan Domingo;  11;1927
Juan Pablo;  10;1927
Maria;   2;1927
Juan Carlos;   1;1927
Cristian;   1;1927
Valentina;   1;1927
Maria; 764;1928
Juan Carlos; 362;1928
Miguel Angel; 121;1928
Agustin;  43;1928
Juan Manuel;  37;1928
Benjamin;  27;1928
Valentina;  22;1928
Juan Pablo;  17;1928
Norma Beatriz;  10;1928
Juan Domingo;   8;1928
Maria;   7;1928
Valentina;   1;1928
Diego Armando;   1;1928
Juan Carlos;   1;1928
Maria; 753;1929
Juan Carlos; 472;1929
Miguel Angel; 140;1929
Agustin;  59;1929
Juan Manuel;  47;1929
Valentina;  37;1929
Benjamin;  20;1929
Juan Pablo;  17;1929
Norma Beatriz;  15;1929
Juan Domingo;   9;1929
Juan Carlos;   2;1929
Maria;   2;1929
Benjamin;   1;1929
Maria; 858;1930
Juan Carlos; 522;1930
Miguel Angel; 164;1930
Agustin;  73;1930
Juan Manuel;  48;1930
Benjamin;  46;1930
Valentina;  37;1930
Juan Pablo;  26;1930
Norma Beatriz;  24;1930
Juan Domingo;   9;1930
Maria;   5;1930
Diego Armando;   1;1930
Juan Manuel;   1;1930
Cristian;   1;1930
Maria; 831;1931
Juan Carlos; 683;1931
Miguel Angel; 240;1931
Juan Manuel;  49;1931
Juan Pablo;  34;1931
Norma Beatriz;  30;1931
Benjamin;  29;1931
Valentina;  29;1931
Juan Domingo;   7;1931
Juan Carlos;   3;1931
Cristian;   3;1931
Maria;   3;1931
Benjamin;   1;1931
Maria; 836;1932
Juan Carlos; 831;1932
Miguel Angel; 261;1932
Juan Manuel;  80;1932
Valentina;  49;1932
Benjamin;  44;1932
Norma Beatriz;  43;1932
Juan Pablo;  28;1932
Juan Domingo;  18;1932
Maria;   2;1932
Agustin;   2;1932
Cristian;   1;1932
Miguel Angel;   1;1932
Juan Carlos;1074;1933
Maria; 842;1933
Miguel Angel; 310;1933
Agustin;  87;1933
Juan Manuel;  69;1933
Benjamin;  52;1933
Norma Beatriz;  49;1933
Valentina;  41;1933
Juan Pablo;  36;1933
Juan Domingo;  12;1933
Cristian;   5;1933
Maria;   2;1933
Agustin;   1;1933
Juan Manuel;   1;1933
Juan Carlos;1181;1934
Maria; 900;1934
Miguel Angel; 393;1934
Agustin;  81;1934
Juan Manuel;  81;1934
Norma Beatriz;  58;1934
Valentina;  55;1934
Benjamin;  44;1934
Juan Pablo;  41;1934
Juan Domingo;  21;1934
Juan Carlos;   6;1934
Maria;   4;1934
Benjamin;   1;1934
Cristian;   1;1934
Norma Beatriz;   1;1934
Juan Carlos;1398;1935
Maria; 841;1935
Miguel Angel; 474;1935
Juan Manuel; 113;1935
Agustin; 107;1935
Norma Beatriz;  83;1935
Valentina;  69;1935
Juan Pablo;  60;1935
Benjamin;  51;1935
Juan Domingo;  17;1935
Maria;   2;1935
Juan Carlos;   1;1935
Norma Beatriz;   1;1935
Benjamin;   1;1935
Juan Carlos;1619;1936
Miguel Angel; 549;1936
Agustin; 125;1936
Juan Manuel; 111;1936
Norma Beatriz;  97;1936
Benjamin;  67;1936
Valentina;  67;1936
Juan Pablo;  39;1936
Juan Domingo;  11;1936
Maria;   8;1936
Cristian;   1;1936
Diego Armando;   1;1936
Juan Carlos;   1;1936
Juan Carlos;1821;1937
Maria; 899;1937
Miguel Angel; 694;1937
Agustin; 120;1937
Juan Manuel;  95;1937
Norma Beatriz;  94;1937
Valentina;  85;1937
Juan Pablo;  57;1937
Benjamin;  54;1937
Juan Domingo;  17;1937
Maria;   7;1937
Cristian;   5;1937
Juan Carlos;   4;1937
Norma Beatriz;   3;1937
Miguel Angel;   2;1937
Juan Carlos;2233;1938
Maria; 919;1938
Miguel Angel; 733;1938
Norma Beatriz; 202;1938
Juan Manuel; 126;1938
Agustin; 122;1938
Benjamin;  80;1938
Valentina;  76;1938
Juan Pablo;  66;1938
Juan Domingo;  19;1938
Juan Carlos;   4;1938
Miguel Angel;   2;1938
Cristian;   1;1938
Maria;   1;1938
Valentina;   1;1938
Juan Carlos;2883;1939
Maria; 979;1939
Miguel Angel; 961;1939
Norma Beatriz; 258;1939
Juan Manuel; 126;1939
Valentina;  82;1939
Juan Pablo;  82;1939
Benjamin;  56;1939
Juan Domingo;  15;1939
Maria;   3;1939
Diego Armando;   2;1939
Juan Carlos;   2;1939
Juan Carlos;3171;1940
Miguel Angel;1228;1940
Maria; 968;1940
Norma Beatriz; 309;1940
Agustin; 198;1940
Juan Manuel; 180;1940
Valentina;  88;1940
Juan Pablo;  84;1940
Benjamin;  63;1940
Juan Domingo;  33;1940
Miguel Angel;   5;1940
Juan Carlos;   4;1940
Cristian;   4;1940
Maria;   4;1940
Diego Armando;   1;1940
Juan Manuel;   1;1940
Juan Carlos;3561;1941
Miguel Angel;1375;1941
Maria; 991;1941
Norma Beatriz; 343;1941
Juan Manuel; 187;1941
Agustin; 156;1941
Valentina;  96;1941
Juan Pablo;  83;1941
Benjamin;  51;1941
Juan Domingo;  25;1941
Cristian;   3;1941
Miguel Angel;   3;1941
Juan Carlos;   2;1941
Agustin;   1;1941
Juan Domingo;   1;1941
Maria;   1;1941
Benjamin;   1;1941
Juan Carlos;3829;1942
Miguel Angel;1582;1942
Maria;1019;1942
Norma Beatriz; 363;1942
Juan Manuel; 183;1942
Agustin; 174;1942
Valentina;  93;1942
Juan Pablo;  91;1942
Benjamin;  73;1942
Juan Domingo;  32;1942
Maria;   5;1942
Miguel Angel;   3;1942
Juan Carlos;   3;1942
Norma Beatriz;   3;1942
Cristian;   3;1942
Diego Armando;   2;1942
Juan Carlos;4484;1943
Miguel Angel;1932;1943
Maria; 916;1943
Norma Beatriz; 385;1943
Juan Manuel; 220;1943
Agustin; 190;1943
Valentina; 117;1943
Juan Pablo;  97;1943
Benjamin;  61;1943
Juan Domingo;  32;1943
Cristian;  10;1943
Miguel Angel;   5;1943
Juan Carlos;   4;1943
Maria;   1;1943
Juan Carlos;5146;1944
Miguel Angel;2392;1944
Maria; 979;1944
Norma Beatriz; 512;1944
Juan Manuel; 224;1944
Agustin; 207;1944
Valentina; 107;1944
Juan Pablo; 103;1944
Juan Domingo;  48;1944
Maria;   5;1944
Juan Carlos;   5;1944
Miguel Angel;   3;1944
Cristian;   3;1944
Agustin;   3;1944
Diego Armando;   1;1944
Juan Carlos;5818;1945
Miguel Angel;3063;1945
Maria;1030;1945
Norma Beatriz; 819;1945
Juan Manuel; 275;1945
Agustin; 195;1945
Juan Domingo; 130;1945
Juan Pablo; 115;1945
Valentina;  87;1945
Benjamin;  79;1945
Maria;   5;1945
Juan Carlos;   5;1945
Miguel Angel;   4;1945
Juan Pablo;   2;1945
Cristian;   1;1945
Juan Manuel;   1;1945
Juan Carlos;6233;1946
Miguel Angel;3696;1946
Maria;1114;1946
Juan Domingo; 928;1946
Norma Beatriz; 842;1946
Juan Manuel; 288;1946
Agustin; 195;1946
Juan Pablo; 118;1946
Valentina; 111;1946
Benjamin;  76;1946
Juan Carlos;  12;1946
Miguel Angel;   4;1946
Maria;   3;1946
Agustin;   2;1946
Cristian;   2;1946
Juan Manuel;   1;1946
Juan Domingo;   1;1946
Diego Armando;   1;1946
Norma Beatriz;   1;1946
Juan Carlos;6428;1947
Miguel Angel;4250;1947
Maria;1085;1947
Juan Domingo;1043;1947
Norma Beatriz; 798;1947
Juan Manuel; 283;1947
Agustin; 210;1947
Juan Pablo; 108;1947
Benjamin;  90;1947
Valentina;  82;1947
Miguel Angel;   8;1947
Maria;   7;1947
Cristian;   6;1947
Juan Domingo;   4;1947
Juan Carlos;   4;1947
Agustin;   2;1947
Diego Armando;   2;1947
Valentina;   2;1947
Juan Carlos;6718;1948
Miguel Angel;4911;1948
Juan Domingo;1304;1948
Maria;1081;1948
Norma Beatriz; 945;1948
Juan Manuel; 386;1948
Agustin; 194;1948
Juan Pablo; 148;1948
Valentina; 121;1948
Benjamin;  68;1948
Maria;  11;1948
Miguel Angel;   8;1948
Juan Carlos;   8;1948
Cristian;   4;1948
Norma Beatriz;   3;1948
Agustin;   3;1948
Juan Carlos;6996;1949
Miguel Angel;5054;1949
Maria;1063;1949
Juan Domingo; 992;1949
Norma Beatriz; 931;1949
Juan Manuel; 506;1949
Agustin; 209;1949
Juan Pablo; 149;1949
Valentina; 103;1949
Benjamin;  80;1949
Miguel Angel;  13;1949
Cristian;  11;1949
Juan Carlos;   9;1949
Agustin;   3;1949
Maria;   3;1949
Juan Manuel;   2;1949
Valentina;   1;1949
Diego Armando;   1;1949
Norma Beatriz;   1;1949
Juan Carlos;7315;1950
Miguel Angel;5379;1950
Norma Beatriz;1051;1950
Juan Domingo;1006;1950
Maria; 857;1950
Juan Manuel; 679;1950
Agustin; 230;1950
Valentina; 125;1950
Juan Pablo; 114;1950
Benjamin;  90;1950
Cristian;  12;1950
Miguel Angel;  10;1950
Juan Carlos;   6;1950
Maria;   6;1950
Juan Domingo;   3;1950
Juan Pablo;   1;1950
Juan Manuel;   1;1950
Juan Carlos;7280;1951
Miguel Angel;5478;1951
Juan Domingo;1228;1951
Norma Beatriz; 980;1951
Maria; 761;1951
Juan Manuel; 556;1951
Agustin; 188;1951
Juan Pablo; 146;1951
Valentina; 112;1951
Benjamin;  70;1951
Miguel Angel;  14;1951
Juan Carlos;  10;1951
Cristian;  10;1951
Maria;   6;1951
Juan Domingo;   4;1951
Diego Armando;   2;1951
Norma Beatriz;   1;1951
Juan Carlos;7129;1952
Miguel Angel;5565;1952
Juan Domingo;1065;1952
Norma Beatriz;1037;1952
Maria; 748;1952
Juan Manuel; 511;1952
Agustin; 169;1952
Juan Pablo; 132;1952
Valentina;  87;1952
Benjamin;  63;1952
Miguel Angel;  14;1952
Juan Carlos;  10;1952
Cristian;   9;1952
Norma Beatriz;   5;1952
Maria;   2;1952
Valentina;   2;1952
Juan Manuel;   1;1952
Juan Pablo;   1;1952
Juan Carlos;7357;1953
Miguel Angel;5585;1953
Norma Beatriz;1133;1953
Juan Domingo;1123;1953
Maria; 684;1953
Juan Manuel; 487;1953
Agustin; 217;1953
Juan Pablo; 136;1953
Valentina;  98;1953
Benjamin;  86;1953
Miguel Angel;  16;1953
Juan Carlos;  13;1953
Cristian;   7;1953
Agustin;   5;1953
Diego Armando;   4;1953
Maria;   3;1953
Norma Beatriz;   1;1953
Juan Carlos;7111;1954
Miguel Angel;5739;1954
Norma Beatriz;1135;1954
Juan Domingo; 926;1954
Maria; 737;1954
Juan Manuel; 424;1954
Agustin; 153;1954
Juan Pablo; 115;1954
Valentina;  82;1954
Benjamin;  67;1954
Miguel Angel;  17;1954
Cristian;   7;1954
Juan Carlos;   6;1954
Maria;   4;1954
Norma Beatriz;   1;1954
Juan Domingo;   1;1954
Juan Carlos;7077;1955
Miguel Angel;6048;1955
Norma Beatriz;1183;1955
Juan Domingo; 750;1955
Maria; 609;1955
Juan Manuel; 462;1955
Agustin; 140;1955
Juan Pablo; 123;1955
Valentina;  82;1955
Benjamin;  66;1955
Miguel Angel;  16;1955
Cristian;  10;1955
Maria;   9;1955
Juan Carlos;   9;1955
Diego Armando;   3;1955
Juan Manuel;   1;1955
Juan Domingo;   1;1955
Norma Beatriz;   1;1955
Juan Carlos;6908;1956
Miguel Angel;5869;1956
Norma Beatriz;1079;1956
Maria; 586;1956
Juan Domingo; 455;1956
Juan Manuel; 374;1956
Agustin; 182;1956
Juan Pablo; 137;1956
Valentina;  85;1956
Benjamin;  72;1956
Miguel Angel;   9;1956
Juan Carlos;   8;1956
Maria;   2;1956
Diego Armando;   1;1956
Juan Manuel;   1;1956
Juan Carlos;6647;1957
Miguel Angel;5835;1957
Norma Beatriz;1125;1957
Maria; 559;1957
Juan Domingo; 417;1957
Juan Manuel; 355;1957
Agustin; 180;1957
Juan Pablo; 160;1957
Valentina;  81;1957
Benjamin;  55;1957
Cristian;  30;1957
Juan Carlos;  18;1957
Miguel Angel;   5;1957
Norma Beatriz;   4;1957
Maria;   3;1957
Juan Manuel;   2;1957
Agustin;   1;1957
Benjamin;   1;1957
Juan Carlos;6235;1958
Miguel Angel;5613;1958
Norma Beatriz;1041;1958
Maria; 496;1958
Juan Manuel; 412;1958
Juan Domingo; 389;1958
Agustin; 135;1958
Juan Pablo; 126;1958
Valentina;  86;1958
Benjamin;  50;1958
Cristian;  14;1958
Miguel Angel;   9;1958
Juan Carlos;   8;1958
Maria;   7;1958
Valentina;   3;1958
Norma Beatriz;   2;1958
Diego Armando;   2;1958
Juan Manuel;   1;1958
Juan Carlos;6423;1959
Miguel Angel;5778;1959
Norma Beatriz;1086;1959
Maria; 503;1959
Juan Domingo; 411;1959
Juan Manuel; 330;1959
Agustin; 163;1959
Juan Pablo; 155;1959
Valentina;  84;1959
Benjamin;  51;1959
Cristian;  22;1959
Miguel Angel;  14;1959
Juan Carlos;   9;1959
Diego Armando;   5;1959
Norma Beatriz;   4;1959
Juan Manuel;   2;1959
Maria;   2;1959
Juan Pablo;   2;1959
Valentina;   1;1959
Agustin;   1;1959
Juan Carlos;6123;1960
Miguel Angel;5516;1960
Norma Beatriz;1095;1960
Maria; 493;1960
Juan Manuel; 370;1960
Juan Domingo; 342;1960
Agustin; 156;1960
Juan Pablo; 125;1960
Valentina;  80;1960
Benjamin;  54;1960
Cristian;  26;1960
Miguel Angel;  18;1960
Juan Carlos;  12;1960
Diego Armando;   7;1960
Maria;   5;1960
Juan Manuel;   3;1960
Norma Beatriz;   2;1960
Benjamin;   1;1960
Juan Carlos;6204;1961
Miguel Angel;5579;1961
Norma Beatriz;1051;1961
Maria; 386;1961
Juan Domingo; 325;1961
Juan Manuel; 309;1961
Juan Pablo; 138;1961
Agustin; 128;1961
Valentina;  80;1961
Benjamin;  63;1961
Cristian;  26;1961
Juan Carlos;  22;1961
Miguel Angel;  13;1961
Maria;   5;1961
Agustin;   3;1961
Juan Manuel;   2;1961
Norma Beatriz;   2;1961
Diego Armando;   1;1961
Juan Carlos;6405;1962
Miguel Angel;5373;1962
Norma Beatriz;2754;1962
Maria; 435;1962
Juan Manuel; 319;1962
Juan Domingo; 285;1962
Juan Pablo; 187;1962
Agustin; 160;1962
Benjamin;  75;1962
Valentina;  70;1962
Juan Carlos;  15;1962
Miguel Angel;  13;1962
Cristian;  10;1962
Norma Beatriz;   7;1962
Diego Armando;   6;1962
Maria;   4;1962
Juan Pablo;   1;1962
Juan Domingo;   1;1962
Norma Beatriz;6401;1963
Juan Carlos;6060;1963
Miguel Angel;5323;1963
Maria; 385;1963
Juan Manuel; 372;1963
Juan Domingo; 272;1963
Juan Pablo; 227;1963
Agustin; 134;1963
Benjamin;  59;1963
Valentina;  57;1963
Cristian;  24;1963
Norma Beatriz;  14;1963
Miguel Angel;  11;1963
Juan Carlos;   9;1963
Maria;   5;1963
Juan Manuel;   3;1963
Valentina;   1;1963
Diego Armando;   1;1963
Juan Carlos;5817;1964
Miguel Angel;5057;1964
Norma Beatriz;4669;1964
Juan Manuel; 431;1964
Maria; 406;1964
Juan Domingo; 339;1964
Juan Pablo; 298;1964
Agustin; 159;1964
Valentina;  81;1964
Benjamin;  65;1964
Cristian;  21;1964
Miguel Angel;  19;1964
Juan Carlos;  17;1964
Norma Beatriz;  16;1964
Maria;   9;1964
Juan Domingo;   3;1964
Juan Manuel;   3;1964
Diego Armando;   2;1964
Juan Carlos;5415;1965
Miguel Angel;5060;1965
Norma Beatriz;4009;1965
Juan Manuel; 451;1965
Maria; 389;1965
Juan Domingo; 304;1965
Juan Pablo; 248;1965
Agustin; 134;1965
Valentina;  88;1965
Benjamin;  69;1965
Cristian;  28;1965
Miguel Angel;  16;1965
Juan Carlos;  10;1965
Juan Pablo;   6;1965
Norma Beatriz;   5;1965
Diego Armando;   4;1965
Maria;   4;1965
Juan Domingo;   3;1965
Juan Manuel;   3;1965
Agustin;   1;1965
Juan Carlos;5605;1966
Miguel Angel;4515;1966
Norma Beatriz;3156;1966
Juan Manuel; 474;1966
Juan Pablo; 343;1966
Maria; 323;1966
Juan Domingo; 240;1966
Agustin; 172;1966
Valentina;  75;1966
Benjamin;  57;1966
Cristian;  26;1966
Juan Carlos;  12;1966
Maria;  10;1966
Norma Beatriz;   8;1966
Diego Armando;   6;1966
Miguel Angel;   6;1966
Juan Manuel;   4;1966
Benjamin;   1;1966
Juan Pablo;   1;1966
Juan Carlos;5385;1967
Miguel Angel;4795;1967
Norma Beatriz;2822;1967
Juan Manuel; 593;1967
Juan Pablo; 406;1967
Maria; 398;1967
Juan Domingo; 227;1967
Agustin; 135;1967
Benjamin;  54;1967
Valentina;  49;1967
Cristian;  21;1967
Miguel Angel;  15;1967
Juan Carlos;  14;1967
Maria;   9;1967
Diego Armando;   6;1967
Juan Manuel;   4;1967
Norma Beatriz;   4;1967
Valentina;   1;1967
Juan Carlos;5369;1968
Miguel Angel;4886;1968
Norma Beatriz;2498;1968
Juan Manuel; 609;1968
Juan Pablo; 481;1968
Maria; 385;1968
Juan Domingo; 238;1968
Agustin; 127;1968
Valentina;  74;1968
Benjamin;  58;1968
Cristian;  52;1968
Miguel Angel;  17;1968
Juan Carlos;   8;1968
Juan Manuel;   6;1968
Norma Beatriz;   5;1968
Diego Armando;   4;1968
Cristian;   3;1968
Valentina;   2;1968
Juan Domingo;   1;1968
Juan Carlos;5122;1969
Miguel Angel;5066;1969
Norma Beatriz;2242;1969
Juan Manuel; 689;1969
Juan Pablo; 484;1969
Maria; 401;1969
Juan Domingo; 160;1969
Agustin; 140;1969
Cristian;  85;1969
Valentina;  66;1969
Benjamin;  56;1969
Miguel Angel;  12;1969
Diego Armando;   8;1969
Juan Carlos;   7;1969
Maria;   7;1969
Norma Beatriz;   5;1969
Agustin;   3;1969
Juan Manuel;   3;1969
Juan Pablo;   1;1969
Juan Carlos;5205;1970
Miguel Angel;5165;1970
Norma Beatriz;2036;1970
Juan Manuel; 913;1970
Juan Pablo; 627;1970
Maria; 384;1970
Juan Domingo; 271;1970
Agustin; 153;1970
Cristian; 121;1970
Benjamin;  55;1970
Valentina;  53;1970
Diego Armando;  19;1970
Juan Carlos;  11;1970
Juan Manuel;   4;1970
Maria;   3;1970
Juan Domingo;   3;1970
Juan Pablo;   2;1970
Miguel Angel;   2;1970
Norma Beatriz;   1;1970
Miguel Angel;4801;1971
Juan Carlos;4652;1971
Norma Beatriz;1960;1971
Juan Manuel;1035;1971
Juan Pablo; 907;1971
Juan Domingo; 359;1971
Maria; 339;1971
Cristian; 140;1971
Agustin; 132;1971
Valentina;  81;1971
Benjamin;  48;1971
Diego Armando;  18;1971
Juan Carlos;  14;1971
Miguel Angel;  10;1971
Juan Manuel;   4;1971
Maria;   3;1971
Cristian;   2;1971
Agustin;   1;1971
Juan Pablo;   1;1971
Juan Domingo;   1;1971
Juan Carlos;4671;1972
Miguel Angel;4636;1972
Norma Beatriz;1762;1972
Juan Manuel;1144;1972
Juan Pablo; 989;1972
Juan Domingo; 502;1972
Maria; 365;1972
Agustin; 220;1972
Cristian; 142;1972
Valentina;  87;1972
Benjamin;  52;1972
Diego Armando;  17;1972
Juan Carlos;  13;1972
Juan Manuel;   7;1972
Maria;   5;1972
Miguel Angel;   3;1972
Norma Beatriz;   3;1972
Juan Domingo;   1;1972
Valentina;   1;1972
Miguel Angel;4402;1973
Juan Carlos;4314;1973
Norma Beatriz;1469;1973
Juan Manuel;1331;1973
Juan Pablo;1141;1973
Juan Domingo;1027;1973
Maria; 379;1973
Agustin; 223;1973
Cristian; 118;1973
Valentina;  80;1973
Benjamin;  41;1973
Juan Carlos;  19;1973
Juan Manuel;  15;1973
Miguel Angel;  14;1973
Juan Domingo;   4;1973
Agustin;   4;1973
Diego Armando;   4;1973
Norma Beatriz;   3;1973
Maria;   3;1973
Juan Pablo;   2;1973
Miguel Angel;4480;1974
Juan Carlos;4070;1974
Juan Manuel;1916;1974
Norma Beatriz;1391;1974
Juan Domingo;1350;1974
Juan Pablo;1164;1974
Maria; 404;1974
Cristian; 111;1974
Valentina;  84;1974
Benjamin;  48;1974
Miguel Angel;  24;1974
Juan Carlos;  18;1974
Diego Armando;  13;1974
Juan Manuel;   8;1974
Juan Pablo;   6;1974
Norma Beatriz;   4;1974
Juan Domingo;   4;1974
Maria;   2;1974
Benjamin;   2;1974
Cristian;   1;1974
Miguel Angel;4268;1975
Juan Carlos;4078;1975
Juan Manuel;2398;1975
Juan Pablo;1534;1975
Norma Beatriz;1362;1975
Juan Domingo; 605;1975
Maria; 418;1975
Agustin; 262;1975
Cristian; 142;1975
Valentina;  64;1975
Benjamin;  42;1975
Juan Carlos;  21;1975
Diego Armando;  14;1975
Miguel Angel;  10;1975
Juan Manuel;  10;1975
Juan Pablo;   8;1975
Maria;   7;1975
Norma Beatriz;   7;1975
Cristian;   3;1975
Agustin;   3;1975
Valentina;   1;1975
Juan Domingo;   1;1975
Miguel Angel;4000;1976
Juan Carlos;3771;1976
Juan Manuel;2951;1976
Juan Pablo;1579;1976
Norma Beatriz;1146;1976
Maria; 442;1976
Agustin; 343;1976
Juan Domingo; 213;1976
Cristian; 146;1976
Benjamin;  60;1976
Valentina;  47;1976
Diego Armando;  34;1976
Miguel Angel;  18;1976
Juan Carlos;   8;1976
Juan Manuel;   7;1976
Juan Pablo;   7;1976
Maria;   6;1976
Agustin;   5;1976
Valentina;   4;1976
Norma Beatriz;   4;1976
Miguel Angel;4309;1977
Juan Carlos;3757;1977
Juan Manuel;2810;1977
Juan Pablo;1796;1977
Norma Beatriz; 975;1977
Maria; 424;1977
Agustin; 343;1977
Juan Domingo; 199;1977
Cristian; 166;1977
Valentina;  66;1977
Benjamin;  60;1977
Miguel Angel;  25;1977
Diego Armando;  24;1977
Maria;  10;1977
Juan Manuel;   9;1977
Juan Carlos;   9;1977
Juan Pablo;   7;1977
Agustin;   5;1977
Juan Manuel;   1;1977
Norma Beatriz;   1;1977
Miguel Angel;3998;1978
Juan Carlos;3500;1978
Juan Pablo;2865;1978
Juan Manuel;2784;1978
Norma Beatriz; 934;1978
Maria; 497;1978
Agustin; 467;1978
Cristian; 220;1978
Juan Domingo; 158;1978
Valentina;  85;1978
Benjamin;  69;1978
Diego Armando;  46;1978
Miguel Angel;  14;1978
Juan Pablo;  12;1978
Juan Carlos;  12;1978
Agustin;   8;1978
Maria;   8;1978
Juan Manuel;   7;1978
Norma Beatriz;   3;1978
Diego Armando;   1;1978
Miguel Angel;   1;1978
Benjamin;   1;1978
Miguel Angel;4138;1979
Juan Carlos;3451;1979
Juan Pablo;3398;1979
Juan Manuel;2991;1979
Diego Armando; 991;1979
Norma Beatriz; 785;1979
Maria; 444;1979
Agustin; 443;1979
Cristian; 212;1979
Juan Domingo; 169;1979
Valentina;  82;1979
Benjamin;  51;1979
Miguel Angel;  20;1979
Agustin;  14;1979
Juan Pablo;  13;1979
Juan Manuel;  13;1979
Juan Carlos;  11;1979
Maria;   9;1979
Norma Beatriz;   3;1979
Diego Armando;   2;1979
Cristian;   1;1979
Miguel Angel;3875;1980
Juan Carlos;3405;1980
Juan Pablo;3219;1980
Juan Manuel;3115;1980
Diego Armando;1133;1980
Norma Beatriz; 654;1980
Maria; 525;1980
Agustin; 522;1980
Cristian; 215;1980
Juan Domingo; 139;1980
Valentina;  90;1980
Benjamin;  49;1980
Juan Pablo;  25;1980
Miguel Angel;  25;1980
Juan Manuel;  23;1980
Juan Carlos;  18;1980
Agustin;  17;1980
Maria;  15;1980
Norma Beatriz;   4;1980
Miguel Angel;4376;1981
Juan Pablo;3690;1981
Juan Manuel;3274;1981
Juan Carlos;3127;1981
Diego Armando;1699;1981
Norma Beatriz; 621;1981
Agustin; 568;1981
Maria; 520;1981
Juan Domingo; 167;1981
Cristian; 160;1981
Valentina;  88;1981
Benjamin;  72;1981
Juan Pablo;  40;1981
Juan Manuel;  37;1981
Juan Carlos;  25;1981
Miguel Angel;  25;1981
Agustin;   9;1981
Maria;   9;1981
Cristian;   3;1981
Diego Armando;   3;1981
Norma Beatriz;   1;1981
Valentina;   1;1981
Juan Pablo;5513;1982
Miguel Angel;4283;1982
Juan Manuel;3510;1982
Juan Carlos;3350;1982
Diego Armando;1078;1982
Norma Beatriz; 576;1982
Agustin; 532;1982
Maria; 430;1982
Cristian; 218;1982
Juan Domingo; 153;1982
Benjamin;  96;1982
Valentina;  88;1982
Juan Pablo;  48;1982
Juan Manuel;  29;1982
Miguel Angel;  23;1982
Juan Carlos;  15;1982
Agustin;  13;1982
Maria;   7;1982
Benjamin;   3;1982
Norma Beatriz;   2;1982
Juan Domingo;   1;1982
Valentina;   1;1982
Diego Armando;   1;1982
Miguel Angel;3746;1983
Juan Manuel;3726;1983
Juan Pablo;3325;1983
Juan Carlos;2901;1983
Diego Armando; 608;1983
Agustin; 582;1983
Maria; 513;1983
Norma Beatriz; 495;1983
Juan Domingo; 275;1983
Cristian; 204;1983
Valentina; 130;1983
Benjamin; 100;1983
Miguel Angel;  25;1983
Juan Manuel;  22;1983
Juan Pablo;  19;1983
Juan Carlos;  16;1983
Valentina;   7;1983
Maria;   5;1983
Benjamin;   4;1983
Diego Armando;   3;1983
Norma Beatriz;   2;1983
Cristian;   2;1983
Juan Manuel;3768;1984
Miguel Angel;3761;1984
Juan Carlos;3143;1984
Juan Pablo;2748;1984
Agustin; 705;1984
Maria; 617;1984
Diego Armando; 529;1984
Norma Beatriz; 449;1984
Cristian; 290;1984
Juan Domingo; 222;1984
Valentina; 123;1984
Benjamin;  86;1984
Miguel Angel;  35;1984
Juan Pablo;  25;1984
Juan Manuel;  18;1984
Agustin;  18;1984
Juan Carlos;  14;1984
Maria;   6;1984
Norma Beatriz;   5;1984
Diego Armando;   4;1984
Benjamin;   1;1984
Juan Manuel;3995;1985
Miguel Angel;3644;1985
Juan Carlos;2960;1985
Juan Pablo;2740;1985
Agustin; 885;1985
Maria; 578;1985
Diego Armando; 534;1985
Norma Beatriz; 377;1985
Cristian; 352;1985
Juan Domingo; 203;1985
Valentina; 142;1985
Benjamin;  90;1985
Juan Manuel;  13;1985
Miguel Angel;   8;1985
Juan Pablo;   6;1985
Agustin;   3;1985
Maria;   2;1985
Norma Beatriz;   1;1985
Benjamin;   1;1985
Juan Manuel;3764;1986
Miguel Angel;3670;1986
Juan Carlos;3172;1986
Juan Pablo;2852;1986
Diego Armando;1496;1986
Agustin; 935;1986
Maria; 564;1986
Norma Beatriz; 345;1986
Cristian; 272;1986
Juan Domingo; 208;1986
Valentina; 175;1986
Benjamin; 115;1986
Agustin;   2;1986
Juan Pablo;3884;1987
Juan Manuel;3508;1987
Miguel Angel;3424;1987
Juan Carlos;3123;1987
Agustin;1022;1987
Diego Armando; 652;1987
Maria; 535;1987
Cristian; 300;1987
Norma Beatriz; 250;1987
Juan Domingo; 223;1987
Valentina; 216;1987
Benjamin; 112;1987
Miguel Angel;   1;1987
Juan Manuel;3501;1988
Miguel Angel;3427;1988
Juan Carlos;2915;1988
Juan Pablo;2584;1988
Agustin;1167;1988
Diego Armando; 555;1988
Maria; 490;1988
Cristian; 332;1988
Norma Beatriz; 248;1988
Valentina; 247;1988
Juan Domingo; 171;1988
Benjamin; 158;1988
Juan Manuel;3547;1989
Miguel Angel;3033;1989
Juan Carlos;2573;1989
Juan Pablo;2510;1989
Agustin;1330;1989
Maria; 534;1989
Diego Armando; 474;1989
Cristian; 358;1989
Valentina; 323;1989
Norma Beatriz; 166;1989
Benjamin; 156;1989
Juan Domingo; 123;1989
Maria;   2;1989
Diego Armando;   1;1989
Juan Manuel;3428;1990
Miguel Angel;2680;1990
Juan Carlos;2419;1990
Juan Pablo;2253;1990
Agustin;1423;1990
Diego Armando; 610;1990
Maria; 564;1990
Valentina; 436;1990
Cristian; 339;1990
Norma Beatriz; 163;1990
Benjamin; 133;1990
Juan Domingo;  71;1990
Juan Manuel;3265;1991
Miguel Angel;2991;1991
Juan Carlos;2460;1991
Juan Pablo;2183;1991
Agustin;1595;1991
Valentina; 611;1991
Maria; 495;1991
Diego Armando; 408;1991
Cristian; 352;1991
Norma Beatriz; 190;1991
Juan Domingo;  93;1991
Juan Carlos;   2;1991
Juan Manuel;3272;1992
Miguel Angel;2835;1992
Juan Pablo;2297;1992
Juan Carlos;2231;1992
Agustin;1897;1992
Valentina; 665;1992
Diego Armando; 504;1992
Maria; 485;1992
Cristian; 377;1992
Norma Beatriz; 182;1992
Benjamin; 173;1992
Juan Domingo;  70;1992
Diego Armando;   2;1992
Juan Manuel;4171;1993
Miguel Angel;2769;1993
Juan Carlos;2326;1993
Juan Pablo;2238;1993
Agustin;2095;1993
Valentina; 725;1993
Maria; 488;1993
Diego Armando; 458;1993
Cristian; 409;1993
Norma Beatriz; 175;1993
Benjamin; 152;1993
Juan Domingo;  42;1993
Juan Manuel;3553;1994
Miguel Angel;2472;1994
Agustin;2187;1994
Juan Pablo;2165;1994
Juan Carlos;1910;1994
Valentina; 854;1994
Cristian; 528;1994
Maria; 485;1994
Diego Armando; 376;1994
Benjamin; 156;1994
Norma Beatriz; 117;1994
Juan Domingo;  69;1994
Juan Manuel;3500;1995
Agustin;2178;1995
Miguel Angel;2037;1995
Juan Pablo;1940;1995
Juan Carlos;1554;1995
Valentina; 911;1995
Maria; 472;1995
Cristian; 407;1995
Diego Armando; 358;1995
Benjamin; 176;1995
Norma Beatriz;  95;1995
Juan Domingo;  53;1995
Juan Manuel;3051;1996
Agustin;2411;1996
Juan Pablo;1829;1996
Miguel Angel;1771;1996
Juan Carlos;1392;1996
Valentina;1301;1996
Maria; 445;1996
Cristian; 381;1996
Diego Armando; 295;1996
Benjamin; 204;1996
Norma Beatriz;  77;1996
Juan Domingo;  52;1996
Agustin;   1;1996
Agustin;2859;1997
Juan Pablo;2479;1997
Juan Manuel;2380;1997
Valentina;1744;1997
Miguel Angel;1489;1997
Juan Carlos;1112;1997
Maria; 400;1997
Cristian; 279;1997
Diego Armando; 248;1997
Benjamin; 157;1997
Norma Beatriz;  47;1997
Juan Domingo;  31;1997
Agustin;2983;1998
Juan Pablo;2231;1998
Valentina;2088;1998
Juan Manuel;1917;1998
Miguel Angel;1276;1998
Juan Carlos; 781;1998
Maria; 279;1998
Cristian; 234;1998
Benjamin; 221;1998
Diego Armando; 201;1998
Juan Domingo;  25;1998
Juan Carlos;   3;1998
Juan Pablo;   3;1998
Diego Armando;   1;1998
Agustin;   1;1998
Valentina;3084;1999
Agustin;2772;1999
Juan Pablo;1721;1999
Juan Manuel;1613;1999
Miguel Angel;1074;1999
Juan Carlos; 706;1999
Benjamin; 403;1999
Maria; 288;1999
Cristian; 219;1999
Diego Armando; 183;1999
Juan Domingo;  27;1999
Norma Beatriz;  20;1999
Agustin;   2;1999
Juan Domingo;   1;1999
Miguel Angel;   1;1999
Valentina;   1;1999
Valentina;3850;2000
Agustin;2614;2000
Juan Pablo;1693;2000
Juan Manuel;1437;2000
Miguel Angel; 864;2000
Juan Carlos; 600;2000
Maria; 305;2000
Cristian; 205;2000
Diego Armando; 197;2000
Norma Beatriz;  25;2000
Juan Domingo;  19;2000
Valentina;   1;2000
Miguel Angel;   1;2000
Valentina;3755;2001
Agustin;2351;2001
Juan Pablo;1645;2001
Juan Manuel;1271;2001
Miguel Angel; 758;2001
Juan Carlos; 486;2001
Benjamin; 422;2001
Maria; 303;2001
Diego Armando; 191;2001
Cristian; 181;2001
Norma Beatriz;  21;2001
Juan Domingo;  19;2001
Valentina;   3;2001
Agustin;   2;2001
Juan Pablo;   2;2001
Juan Domingo;   1;2001
Valentina;3495;2002
Agustin;1857;2002
Juan Pablo;1510;2002
Juan Manuel;1236;2002
Miguel Angel; 742;2002
Juan Carlos; 474;2002
Maria; 242;2002
Diego Armando; 170;2002
Cristian; 158;2002
Juan Domingo;  17;2002
Norma Beatriz;  12;2002
Valentina;3749;2003
Agustin;2060;2003
Juan Pablo;1571;2003
Juan Manuel;1352;2003
Benjamin; 753;2003
Miguel Angel; 737;2003
Juan Carlos; 454;2003
Maria; 250;2003
Diego Armando; 166;2003
Cristian; 126;2003
Juan Domingo;  15;2003
Norma Beatriz;   8;2003
Miguel Angel;   1;2003
Valentina;3964;2004
Agustin;2352;2004
Juan Pablo;1460;2004
Juan Manuel;1228;2004
Benjamin; 789;2004
Miguel Angel; 639;2004
Juan Carlos; 392;2004
Cristian; 144;2004
Diego Armando; 141;2004
Norma Beatriz;  15;2004
Juan Domingo;  12;2004
Valentina;   7;2004
Juan Manuel;   1;2004
Agustin;   1;2004
Benjamin;   1;2004
Agustin;2054;2005
Juan Pablo;1876;2005
Juan Manuel;1113;2005
Maria; 231;2005
Diego Armando; 125;2005
Cristian; 103;2005
Norma Beatriz;  16;2005
Juan Domingo;   7;2005
Agustin;   4;2005
Valentina;   1;2005
Valentina;4128;2006
Agustin;1740;2006
Juan Pablo;1429;2006
Juan Carlos; 306;2006
Maria; 230;2006
Cristian; 113;2006
Diego Armando;  86;2006
Juan Domingo;   8;2006
Norma Beatriz;   7;2006
Valentina;   3;2006
Juan Pablo;   1;2006
Valentina;3501;2007
Juan Manuel; 778;2007
Miguel Angel; 488;2007
Maria; 179;2007
Cristian;  96;2007
Diego Armando;  77;2007
Juan Domingo;   6;2007
Norma Beatriz;   3;2007
Juan Pablo;   1;2007
Valentina;   1;2007
Benjamin;2236;2008
Agustin;1714;2008
Juan Pablo;1030;2008
Miguel Angel; 412;2008
Juan Carlos; 225;2008
Maria; 159;2008
Norma Beatriz;   9;2008
Juan Domingo;   5;2008
Valentina;   1;2008
Juan Manuel;   1;2008
Benjamin;3181;2009
Valentina;2391;2009
Agustin;1553;2009
Juan Pablo; 815;2009
Juan Manuel; 648;2009
Miguel Angel; 365;2009
Juan Carlos; 180;2009
Cristian;  97;2009
Diego Armando;  65;2009
Juan Domingo;   8;2009
Norma Beatriz;   4;2009
Agustin;   4;2009
Valentina;   1;2009
Benjamin;2986;2010
Valentina;1972;2010
Juan Pablo; 582;2010
Juan Manuel; 472;2010
Miguel Angel; 279;2010
Juan Carlos; 153;2010
Maria; 133;2010
Cristian;  96;2010
Diego Armando;  38;2010
Norma Beatriz;   3;2010
Juan Domingo;   2;2010
Benjamin;2535;2011
Valentina;1502;2011
Agustin;1236;2011
Juan Pablo; 690;2011
Juan Manuel; 398;2011
Miguel Angel; 198;2011
Maria; 117;2011
Juan Carlos; 101;2011
Cristian;  63;2011
Diego Armando;  15;2011
Juan Domingo;   3;2011
Benjamin;   2;2011
Valentina;   2;2011
Norma Beatriz;   2;2011
Miguel Angel;   1;2011
Agustin;   1;2011
Benjamin;4724;2012
Valentina;2564;2012
Agustin;1875;2012
Juan Pablo;1113;2012
Juan Manuel; 767;2012
Miguel Angel; 420;2012
Juan Carlos; 219;2012
Cristian;  84;2012
Diego Armando;  34;2012
Juan Domingo;   8;2012
Norma Beatriz;   6;2012
Juan Pablo;   1;2012
Valentina;   1;2012
Benjamin;4960;2013
Valentina;2450;2013
Juan Pablo; 757;2013
Juan Manuel; 544;2013
Miguel Angel; 341;2013
Juan Carlos; 168;2013
Maria; 157;2013
Cristian;  72;2013
Diego Armando;  25;2013
Juan Domingo;   6;2013
Norma Beatriz;   6;2013
Benjamin;   4;2013
Juan Pablo;   1;2013
Benjamin;4286;2014
Valentina;2432;2014
Agustin;1501;2014
Juan Pablo; 686;2014
Juan Manuel; 533;2014
Miguel Angel; 270;2014
Juan Carlos; 173;2014
Maria; 124;2014
Cristian;  55;2014
Diego Armando;  32;2014
Juan Domingo;  13;2014
Norma Beatriz;   8;2014
Juan Pablo;   1;2014
Valentina;   1;2014
Benjamin;3695;2015
Valentina;2046;2015
Agustin;1350;2015
Juan Pablo; 577;2015
Juan Manuel; 436;2015
Miguel Angel; 273;2015
Juan Carlos; 125;2015
Cristian;  54;2015
Diego Armando;  20;2015
Juan Domingo;   7;2015
Norma Beatriz;   3;2015
Juan Pablo;   1;2015
Benjamin;   1;2015
